dept_id,dept_name,dept_name_en,dept_url,dept_color,name,name_en,rank,order,photo,office,phone,email,homepage,scholar,tags,summary,paper1,paper2,paper3
archieng,건축공학과,Architectural Engineering,https://archieng.jejunu.ac.kr,#9a6b2f,장명훈,Jang Myung-houn,교수,1,,공과대학 1호관 7111호,064-754-3704,jangmh@jejunu.ac.kr,,,건축시공; 건설사업관리; 건설안전관리; 공정·리스크관리,"제주 지역 건설현장을 대상으로 건설사업관리와 안전관리 제도 개선을 연구한다. 공사중단 장기방치 건축물의 현황조사와 비파괴시험 기반 내구성 평가, 건축물 정기안전점검 사례분석, 건설기술진흥법 안전관리계획서 제도 개선방안을 제시했으며, 최근에는 공동주택 철근콘크리트 공사의 시공 중 하자 분석과 그린리모델링 건물의 에너지사용량 변화로 범위를 넓히고 있다.",공동주택 철근콘크리트 공사의 시공중 하자 분석과 개선 방안 | 토지주택연구 | 2025,건설기술진흥법의 안전관리계획서 제도 개선방안에 관한 연구 | 공학기술논문지 | 2025,제주지역 공사중단 건축물의 현황조사 및 내구성 분석 | 한국건축시공학회 논문집 | 2023
archieng,건축공학과,Architectural Engineering,https://archieng.jejunu.ac.kr,#9a6b2f,고동우,Ko Dong-woo,교수,2,,공과대학 1호관 7117호,064-754-3708,dongwko@cheju.ac.kr,,,철근콘크리트 구조; 내진설계; CFRP 보강근; 탄소저감 구조,"탄소저감을 위해 철근을 CFRP 등 FRP 보강근으로 대체하는 철근콘크리트 부재의 구조성능을 실험과 해석으로 평가한다. CFRP 보강근 선조립 슬래브의 휨성능과 이음철근 종류에 따른 파괴양상, KDS 설계자료 기반 건물 부재별 CFRP 대체 효과와 요구 보강근비를 분석했으며, 지진 피해 필로티형 건물의 BST면 기반 내진성능 평가와 보강 전후 횡저항 성능 비교 연구도 수행한다.",단순지지 CFRP보강근 콘크리트 슬래브의 휨성능 평가 | 복합신소재구조학회논문집 | 2025,RC 건물에서 CFRP 보강근의 철근 대체 가능성에 대한 연구 | 복합신소재구조학회논문집 | 2024,필로티형 건물의 내진성능평가에서 BST면의 활용 | 복합신소재구조학회논문집 | 2023
archieng,건축공학과,Architectural Engineering,https://archieng.jejunu.ac.kr,#9a6b2f,전규엽,Jeon Gyu-yeob,교수,3,,공과대학 1호관 7109호,064-754-3703,hi.gyuyeob@jejunu.ac.kr,http://blog.naver.com/jejunu_bael,,건축환경 및 설비; 건물 에너지·그린리모델링; 화재 피난안전; 성능위주설계,"제주 지역 기후 특성과 건물 에너지 성능, 화재 피난안전을 통합적으로 연구한다. 제주 공공건축물의 그린리모델링 적용기술 요소와 공사 후 단위면적당 에너지사용량 변화를 건물 용도·계절별로 분석했으며, 공공도서관 직통계단 배치와 이격거리에 따른 피난시뮬레이션, 고령자 복지주택 화재안전 등 성능위주 피난설계 연구를 수행한다.",그린리모델링 적용기술요소 및 공사후 에너지사용량 변화에 관한 연구 | 대한건축학회논문집 | 2025,그린리모델링 건물의 기후조건과 에너지 절감효과 | 그린빌딩 | 2025,공공도서관 건물의 직통계단 배치유형과 이격거리에 따른 피난과 기준개선 | 대한건축학회논문집 | 2022
archieng,건축공학과,Architectural Engineering,https://archieng.jejunu.ac.kr,#9a6b2f,최희복,Choi Hee-bok,교수,4,,공과대학 1호관 7119호,064-754-3731,,,,건설재료 및 시공기술; 건설폐기물 재활용; 순환골재; BIM 도입,"순환골재와 제주 현무암 석분슬러지 등 산업부산물을 활용한 건설재료 개발과 시공기술을 연구해 왔다. 최근에는 제주 중소규모 건축설계사무소를 대상으로 RII·CPI 지표를 이용해 BIM 도입 장벽(비용, 전문인력, 제도)을 분석했고, 필로티형 건물의 BST면 기반 내진성능 평가와 현무암 석분슬러지를 재활용한 마감용 드라이몰탈의 기능성 평가에 참여했다.",중소규모 건축설계사무소의 BIM 도입 장벽 분석: 제주특별자치도 중심 | 한국건축시공학회 논문집 | 2025,필로티형 건물의 내진성능평가에서 BST면의 활용 | 복합신소재구조학회논문집 | 2023,현무암 석분슬러지를 활용한 마감용 드라이몰탈의 기능성 평가 | 대한건축학회연합논문집 | 2021
archieng,건축공학과,Architectural Engineering,https://archieng.jejunu.ac.kr,#9a6b2f,이명도,"Lee, Myungdo",조교수,5,,공과대학 1호관 7115호,064-754-3732,md.lee@jejunu.ac.kr,,,스마트건설; BIM; 모듈러(OSC) 건축; 건설 로봇·자동화,"BIM과 모듈러 건축 등 스마트건설 기술의 현장 적용을 연구한다. 국내 모듈러 프로젝트 활성화를 위한 핵심과제를 중요도-긴급도 분석으로 우선순위화하고, 제주 중소 설계사무소의 BIM 도입 장벽을 RII·CPI로 정량 분석했으며, 온돌 매립배관 점검용 캡슐형 검사로봇을 개발해 실험실 검증을 수행했다. RC 건물에서 CFRP 보강근의 철근 대체 효과 분석에도 참여했다.",Development of a Capsule-Type Inspection Robot Customized for Ondol Pipelines | Applied Sciences | 2024,중소규모 건축설계사무소의 BIM 도입 장벽 분석: 제주특별자치도 중심 | 한국건축시공학회 논문집 | 2025,국내 모듈러 프로젝트의 활성화를 위한 핵심과제 분석 | 한국건축시공학회 논문집 | 2024
elec,전기공학과,Electrical Engineering,https://elec.jejunu.ac.kr,#c0392b,김호찬,Ho Chan Kim,교수,1,,공과대학 2호관 B206,064-754-3676,hckim@jejunu.ac.kr,https://www.researchgate.net/profile/Ho-Chan-Kim,,제어이론; 칼만필터; 풍력발전제어; 접지시스템해석,"접지시스템 설계를 위한 다층 토양구조 해석을 중심으로, 겉보기 저항률의 커널함수를 해석적으로 추정해 수평 다층 토양 파라미터를 반복 최적화 없이 역산하는 알고리즘을 제안했다. 또한 권선형 동기전동기용 무절연 고온초전도 자석의 d-q 전류 영향 해석, 독립형 마이크로그리드 모델링과 전기차 수용용량 개선 등 풍력·신재생 연계 제어 연구를 수행한다.",Kernel Function-Based Inverting Algorithm for Horizontal Multilayer Soil | Energies | 2023,Influence of D-Q Current on No-Insulated HTS Magnets for Synchronous Motors | IEEE Transactions on Applied Superconductivity | 2024,
elec,전기공학과,Electrical Engineering,https://elec.jejunu.ac.kr,#c0392b,김호민,Ho Min Kim,교수,2,,공과대학 2호관 B117,064-754-3671,hmkim@jejunu.ac.kr,,,초전도 응용기기; 고온초전도 회전기; 스마트 절연 코일; 전기에너지변환,고온초전도(HTS) 회전기 응용을 위해 무절연 코일의 한계를 보완하는 스마트 절연(금속-절연체 전이 소재) 방식을 설계하고 회전기 적용 가능성을 실험적으로 검증했다. 권선형 동기전동기용 무절연 HTS 자석의 d-q 전류 영향 해석 등 풍력·선박추진용 초전도 전기에너지 변환기기 연구를 수행한다.,Design of a Smart Insulation Method for HTS Rotating Machines | IEEE Transactions on Applied Superconductivity | 2024,Applicability of Smart Insulation HTS Coils in Rotating Electric Machines | IEEE Transactions on Applied Superconductivity | 2025,Influence of D-Q Current on No-Insulated HTS Magnets for Synchronous Motors | IEEE Transactions on Applied Superconductivity | 2024
elec,전기공학과,Electrical Engineering,https://elec.jejunu.ac.kr,#c0392b,진영규,Young Gyu Jin,부교수,3,,공과대학 2호관 B217,064-754-3672,ygjin93@jejunu.ac.kr,https://www.researchgate.net/scientific-contributions/Young-Gyu-Jin-2044799428,,전력시스템 운영; 배전망 재구성; 심층강화학습; P2P 에너지거래; 분산자원,"재생에너지 비중이 높은 배전망을 대상으로 고장 후 정전구역을 빠르게 복구하는 심층강화학습 기반 자기치유형 동적 배전망 재구성 프레임워크를 제안했다. P2P 에너지거래의 에너지·망서비스 가격결정 메커니즘 검토, 클라우드 ESS를 활용한 불균형 시장 대응, 분산자원 집합자원의 도매시장 참여 제도 등 전력시장과 분산자원 운영을 연구한다.",Self-Healing Radial Distribution Network Reconfiguration Based on Deep RL | Results in Engineering | 2024,Pricing Mechanisms for Peer-to-Peer Energy Trading | Renewable and Sustainable Energy Reviews | 2023,"Managing Power Imbalance with Cloud Energy Storage in Imbalance Band Market | IET Generation, Transmission & Distribution | 2022"
elec,전기공학과,Electrical Engineering,https://elec.jejunu.ac.kr,#c0392b,최영준,Yeong-Jun Choi,부교수,4,,공과대학 2호관 B112,064-754-3677,yeongjun.choi@jejunu.ac.kr,http://jepel.jejunu.ac.kr,,전력전자; PFC 컨버터 모델예측제어; LLC 공진형 컨버터; EV 급속충전; DC 마이크로그리드,"토템폴·부스트 PFC 컨버터에 모델예측전류제어와 슬라이딩모드 제어를 결합해 경부하 전류왜곡 저감, 비대칭 위상 인터리빙, 고효율·고강인성 동작을 구현하는 연구를 수행한다. 광범위 전압용 구조재구성형 LLC 공진 컨버터, 3상 LLC 전류평형 제어, 양극성 DC 마이크로그리드 전압평형과 전기차 급속충전용 배터리 열관리 등 전력변환 응용 연구를 활발히 발표하고 있다.",Fractional-Order Terminal SMC-Based MPC of Totem-Pole PFC for EV Charging | IEEE Transactions on Power Electronics | 2026,Structure-Reconfigurable LLC Resonant Converter for Wide Voltage Range | IEEE Journal of Emerging and Selected Topics in Power Electronics | 2026,PCMC-Based Feed-Forward Method for Light-Load Current Distortion in Boost PFC | IEEE Open Journal of the Industrial Electronics Society | 2025
